-- phpMyAdmin SQL Dump
-- version phpStudy 2014
-- http://www.phpmyadmin.net
--
-- ä¸»æœº: localhost
-- ç”Ÿæˆæ—¥æœŸ: 2018 å¹?06 æœ?04 æ—?10:02
-- æœåŠ¡å™¨ç‰ˆæœ¬: 5.7.17
-- PHP ç‰ˆæœ¬: 5.5.38

SET SQL_MODE="NO_AUTO_VALUE_ON_ZERO";
SET time_zone = "+00:00";


/*!40101 SET @OLD_CHARACTER_SET_CLIENT=@@CHARACTER_SET_CLIENT */;
/*!40101 SET @OLD_CHARACTER_SET_RESULTS=@@CHARACTER_SET_RESULTS */;
/*!40101 SET @OLD_COLLATION_CONNECTION=@@COLLATION_CONNECTION */;
/*!40101 SET NAMES utf8 */;

--
-- æ•°æ®åº“: `tplay`
--

-- --------------------------------------------------------

--
-- è¡¨çš„ç»“æ„ `me_account`
--

CREATE TABLE IF NOT EXISTS `me_account` (
  `id` bigint(20) NOT NULL AUTO_INCREMENT,
  `type` char(2) DEFAULT 'DT',
  `code` char(20) CHARACTER SET utf8 COLLATE utf8_bin DEFAULT '',
  `order_code` char(20) DEFAULT '',
  `src` char(10) DEFAULT 'O',
  `sub_src` char(5) DEFAULT '',
  `sub_src_descr` varchar(50) DEFAULT '',
  `amount` decimal(13,2) DEFAULT '0.00',
  `note` varchar(150) DEFAULT '',
  `update_time` datetime DEFAULT CURRENT_TIMESTAMP,
  `create_time` datetime DEFAULT CURRENT_TIMESTAMP,
  PRIMARY KEY (`id`),
  KEY `index0` (`type`,`code`),
  KEY `index1` (`src`)
) ENGINE=InnoDB DEFAULT CHARSET=utf8 AUTO_INCREMENT=1 ;

-- --------------------------------------------------------

--
-- è¡¨çš„ç»“æ„ `me_admin`
--

CREATE TABLE IF NOT EXISTS `me_admin` (
  `id` int(11) NOT NULL AUTO_INCREMENT,
  `nickname` varchar(20) DEFAULT NULL COMMENT 'æ˜µç§°',
  `name` varchar(100) NOT NULL,
  `password` varchar(255) NOT NULL,
  `thumb` int(11) NOT NULL DEFAULT '1' COMMENT 'ç®¡ç†å‘˜å¤´åƒ',
  `create_time` int(11) NOT NULL COMMENT 'åˆ›å»ºæ—¶é—´',
  `update_time` int(11) NOT NULL COMMENT 'ä¿®æ”¹æ—¶é—´',
  `login_time` int(11) DEFAULT NULL COMMENT 'æœ€åç™»å½•æ—¶é—´',
  `login_ip` varchar(100) DEFAULT NULL COMMENT 'æœ€åç™»å½•ip',
  `admin_cate_id` int(2) NOT NULL DEFAULT '1' COMMENT 'ç®¡ç†å‘˜åˆ†ç»„',
  PRIMARY KEY (`id`),
  KEY `id` (`id`) USING BTREE,
  KEY `admin_cate_id` (`admin_cate_id`) USING BTREE,
  KEY `nickname` (`nickname`) USING BTREE,
  KEY `create_time` (`create_time`) USING BTREE
) ENGINE=MyISAM  DEFAULT CHARSET=utf8 AUTO_INCREMENT=16 ;

--
-- è½¬å­˜è¡¨ä¸­çš„æ•°æ® `me_admin`
--

INSERT INTO `me_admin` (`id`, `nickname`, `name`, `password`, `thumb`, `create_time`, `update_time`, `login_time`, `login_ip`, `admin_cate_id`) VALUES
(1, 'Tplay', 'admin', 'e391919b3bf0b4fb29da3c1c35e25d94', 1, 1510885948, 1517622948, 1528076604, '127.0.0.1', 1);

-- --------------------------------------------------------

--
-- è¡¨çš„ç»“æ„ `me_admin_cate`
--

CREATE TABLE IF NOT EXISTS `me_admin_cate` (
  `id` int(11) NOT NULL AUTO_INCREMENT,
  `name` varchar(100) NOT NULL,
  `permissions` text COMMENT 'æƒé™èœå•',
  `create_time` int(11) NOT NULL,
  `update_time` int(11) NOT NULL,
  `desc` text COMMENT 'å¤‡æ³¨',
  PRIMARY KEY (`id`),
  KEY `id` (`id`) USING BTREE,
  KEY `name` (`name`) USING BTREE,
  KEY `create_time` (`create_time`) USING BTREE
) ENGINE=MyISAM  DEFAULT CHARSET=utf8 AUTO_INCREMENT=20 ;

--
-- è½¬å­˜è¡¨ä¸­çš„æ•°æ® `me_admin_cate`
--

INSERT INTO `me_admin_cate` (`id`, `name`, `permissions`, `create_time`, `update_time`, `desc`) VALUES
(1, 'è¶…çº§ç®¡ç†å‘˜', '4,5,6,7,8,11,13,14,16,17,19,20,21,25,26,28,29,34,35,37,38,39,40,42,43,44,45,47,48', 0, 1517022009, 'è¶…çº§ç®¡ç†å‘˜ï¼Œæ‹¥æœ‰æœ€é«˜æƒé™ï¼');

-- --------------------------------------------------------

--
-- è¡¨çš„ç»“æ„ `me_admin_log`
--

CREATE TABLE IF NOT EXISTS `me_admin_log` (
  `id` int(11) NOT NULL AUTO_INCREMENT,
  `admin_menu_id` int(11) NOT NULL COMMENT 'æ“ä½œèœå•id',
  `admin_id` int(11) NOT NULL COMMENT 'æ“ä½œè€…id',
  `ip` varchar(100) DEFAULT NULL COMMENT 'æ“ä½œip',
  `operation_id` varchar(200) DEFAULT NULL COMMENT 'æ“ä½œå…³è”id',
  `create_time` int(11) NOT NULL COMMENT 'æ“ä½œæ—¶é—´',
  PRIMARY KEY (`id`),
  KEY `id` (`id`) USING BTREE,
  KEY `admin_id` (`admin_id`) USING BTREE,
  KEY `create_time` (`create_time`) USING BTREE
) ENGINE=MyISAM  DEFAULT CHARSET=utf8 AUTO_INCREMENT=38 ;

--
-- è½¬å­˜è¡¨ä¸­çš„æ•°æ® `me_admin_log`
--

INSERT INTO `me_admin_log` (`id`, `admin_menu_id`, `admin_id`, `ip`, `operation_id`, `create_time`) VALUES
(1, 50, 1, '127.0.0.1', '', 1526957833),
(2, 50, 1, '127.0.0.1', '', 1526958595),
(3, 4, 1, '127.0.0.1', '23', 1527066706),
(4, 4, 1, '127.0.0.1', '22', 1527066761),
(5, 4, 1, '127.0.0.1', '52', 1527067013),
(6, 4, 1, '127.0.0.1', '52', 1527067168),
(7, 4, 1, '127.0.0.1', '53', 1527067343),
(8, 4, 1, '127.0.0.1', '54', 1527067424),
(9, 4, 1, '127.0.0.1', '53', 1527067451),
(10, 4, 1, '127.0.0.1', '31', 1527067520),
(11, 4, 1, '127.0.0.1', '54', 1527067535),
(12, 4, 1, '127.0.0.1', '53', 1527067555),
(13, 4, 1, '127.0.0.1', '23', 1527067593),
(14, 4, 1, '127.0.0.1', '55', 1527068350),
(15, 4, 1, '127.0.0.1', '56', 1527068462),
(16, 4, 1, '127.0.0.1', '46', 1527076991),
(17, 4, 1, '127.0.0.1', '57', 1527077063),
(18, 4, 1, '127.0.0.1', '46', 1527077089),
(19, 4, 1, '127.0.0.1', '46', 1527077162),
(20, 4, 1, '127.0.0.1', '57', 1527077189),
(21, 4, 1, '127.0.0.1', '58', 1527077244),
(22, 4, 1, '127.0.0.1', '58', 1527077368),
(23, 4, 1, '127.0.0.1', '59', 1527077442),
(24, 4, 1, '127.0.0.1', '60', 1527077601),
(25, 50, 1, '127.0.0.1', '', 1527080245),
(26, 11, 1, '127.0.0.1', '', 1527081477),
(27, 50, 1, '127.0.0.1', '', 1527230279),
(28, 50, 1, '127.0.0.1', '', 1527231592),
(29, 50, 1, '127.0.0.1', '', 1527231729),
(30, 50, 1, '127.0.0.1', '', 1527474290),
(31, 50, 1, '127.0.0.1', '', 1528076604),
(32, 8, 1, '127.0.0.1', '', 1528077117),
(33, 49, 1, '127.0.0.1', '2', 1528091261),
(34, 49, 1, '127.0.0.1', '3', 1528095105),
(35, 49, 1, '127.0.0.1', '4', 1528095893),
(36, 49, 1, '127.0.0.1', '5', 1528097647),
(37, 49, 1, '127.0.0.1', '6', 1528097660);

-- --------------------------------------------------------

--
-- è¡¨çš„ç»“æ„ `me_admin_menu`
--

CREATE TABLE IF NOT EXISTS `me_admin_menu` (
  `id` int(11) NOT NULL AUTO_INCREMENT,
  `name` varchar(50) NOT NULL,
  `module` varchar(50) NOT NULL COMMENT 'æ¨¡å—',
  `controller` varchar(100) NOT NULL COMMENT 'æ§åˆ¶å™¨',
  `function` varchar(100) NOT NULL COMMENT 'æ–¹æ³•',
  `parameter` varchar(50) DEFAULT NULL COMMENT 'å‚æ•°',
  `description` varchar(250) DEFAULT NULL COMMENT 'æè¿°',
  `is_display` int(1) NOT NULL DEFAULT '1' COMMENT '1æ˜¾ç¤ºåœ¨å·¦ä¾§èœå•2åªä½œä¸ºèŠ‚ç‚¹',
  `type` int(1) NOT NULL DEFAULT '1' COMMENT '1æƒé™èŠ‚ç‚¹2æ™®é€šèŠ‚ç‚¹',
  `pid` int(11) NOT NULL DEFAULT '0' COMMENT 'ä¸Šçº§èœå•0ä¸ºé¡¶çº§èœå•',
  `create_time` int(11) NOT NULL,
  `update_time` int(11) NOT NULL,
  `icon` varchar(100) DEFAULT NULL COMMENT 'å›¾æ ‡',
  `is_open` int(1) NOT NULL DEFAULT '0' COMMENT '0é»˜è®¤é—­åˆ1é»˜è®¤å±•å¼€',
  `orders` int(11) NOT NULL DEFAULT '0' COMMENT 'æ’åºå€¼ï¼Œè¶Šå°è¶Šé å‰',
  PRIMARY KEY (`id`),
  KEY `id` (`id`) USING BTREE,
  KEY `module` (`module`) USING BTREE,
  KEY `controller` (`controller`) USING BTREE,
  KEY `function` (`function`) USING BTREE,
  KEY `is_display` (`is_display`) USING BTREE,
  KEY `type` (`type`) USING BTREE
) ENGINE=MyISAM  DEFAULT CHARSET=utf8 COMMENT='ç³»ç»Ÿèœå•è¡¨' AUTO_INCREMENT=61 ;

--
-- è½¬å­˜è¡¨ä¸­çš„æ•°æ® `me_admin_menu`
--

INSERT INTO `me_admin_menu` (`id`, `name`, `module`, `controller`, `function`, `parameter`, `description`, `is_display`, `type`, `pid`, `create_time`, `update_time`, `icon`, `is_open`, `orders`) VALUES
(1, 'ç³»ç»Ÿ', '', '', '', '', 'ç³»ç»Ÿè®¾ç½®ã€‚', 1, 2, 0, 0, 1517015748, 'fa-cog', 1, 0),
(2, 'èœå•', '', '', '', '', 'èœå•ç®¡ç†ã€‚', 1, 2, 1, 0, 1517015764, 'fa-paw', 0, 0),
(51, 'ç³»ç»Ÿèœå•æ’åº', 'admin', 'menu', 'orders', '', 'ç³»ç»Ÿèœå•æ’åºã€‚', 2, 1, 3, 1517562047, 1517562047, '', 0, 0),
(3, 'ç³»ç»Ÿèœå•', 'admin', 'menu', 'index', NULL, 'ç³»ç»Ÿèœå•ç®¡ç†', 1, 2, 2, 0, 0, 'fa-share-alt', 0, 0),
(4, 'æ–°å¢/ä¿®æ”¹ç³»ç»Ÿèœå•', 'admin', 'menu', 'publish', '', 'æ–°å¢/ä¿®æ”¹ç³»ç»Ÿèœå•.', 2, 1, 3, 1516948769, 1516948769, '', 0, 0),
(5, 'åˆ é™¤ç³»ç»Ÿèœå•', 'admin', 'menu', 'delete', '', 'åˆ é™¤ç³»ç»Ÿèœå•ã€‚', 2, 1, 3, 1516948857, 1516948857, '', 0, 0),
(6, 'ä¸ªäºº', '', '', '', '', 'ä¸ªäººä¿¡æ¯ç®¡ç†ã€‚', 1, 1, 1, 1516949308, 1517021986, 'fa-user', 0, 0),
(7, 'ä¸ªäººä¿¡æ¯', 'admin', 'admin', 'personal', '', 'ä¸ªäººä¿¡æ¯ä¿®æ”¹ã€‚', 1, 1, 6, 1516949435, 1516949435, 'fa-user', 0, 0),
(8, 'ä¿®æ”¹å¯†ç ', 'admin', 'admin', 'editpassword', '', 'ç®¡ç†å‘˜ä¿®æ”¹ä¸ªäººå¯†ç ã€‚', 1, 1, 6, 1516949702, 1517619887, 'fa-unlock-alt', 0, 0),
(9, 'è®¾ç½®', '', '', '', '', 'ç³»ç»Ÿç›¸å…³è®¾ç½®ã€‚', 1, 2, 1, 1516949853, 1517015878, 'fa-cog', 0, 0),
(10, 'ç½‘ç«™è®¾ç½®', 'admin', 'webconfig', 'index', '', 'ç½‘ç«™ç›¸å…³è®¾ç½®é¦–é¡µã€‚', 1, 2, 9, 1516949994, 1516949994, 'fa-bullseye', 0, 0),
(11, 'ä¿®æ”¹ç½‘ç«™è®¾ç½®', 'admin', 'webconfig', 'publish', '', 'ä¿®æ”¹ç½‘ç«™è®¾ç½®ã€‚', 2, 1, 10, 1516950047, 1516950047, '', 0, 0),
(12, 'é‚®ä»¶è®¾ç½®', 'admin', 'emailconfig', 'index', '', 'é‚®ä»¶é…ç½®é¦–é¡µã€‚', 1, 2, 9, 1516950129, 1516950129, 'fa-envelope', 0, 0),
(13, 'ä¿®æ”¹é‚®ä»¶è®¾ç½®', 'admin', 'emailconfig', 'publish', '', 'ä¿®æ”¹é‚®ä»¶è®¾ç½®ã€‚', 2, 1, 12, 1516950215, 1516950215, '', 0, 0),
(14, 'å‘é€æµ‹è¯•é‚®ä»¶', 'admin', 'emailconfig', 'mailto', '', 'å‘é€æµ‹è¯•é‚®ä»¶ã€‚', 2, 1, 12, 1516950295, 1516950295, '', 0, 0),
(15, 'çŸ­ä¿¡è®¾ç½®', 'admin', 'smsconfig', 'index', '', 'çŸ­ä¿¡è®¾ç½®é¦–é¡µã€‚', 1, 2, 9, 1516950394, 1516950394, 'fa-comments', 0, 0),
(16, 'ä¿®æ”¹çŸ­ä¿¡è®¾ç½®', 'admin', 'smsconfig', 'publish', '', 'ä¿®æ”¹çŸ­ä¿¡è®¾ç½®ã€‚', 2, 1, 15, 1516950447, 1516950447, '', 0, 0),
(17, 'å‘é€æµ‹è¯•çŸ­ä¿¡', 'admin', 'smsconfig', 'smsto', '', 'å‘é€æµ‹è¯•çŸ­ä¿¡ã€‚', 2, 1, 15, 1516950483, 1516950483, '', 0, 0),
(18, 'URL è®¾ç½®', 'admin', 'urlsconfig', 'index', '', 'url è®¾ç½®ã€‚', 1, 2, 9, 1516950738, 1516950804, 'fa-code-fork', 0, 0),
(19, 'æ–°å¢/ä¿®æ”¹urlè®¾ç½®', 'admin', 'urlsconfig', 'publish', '', 'æ–°å¢/ä¿®æ”¹urlè®¾ç½®ã€‚', 2, 1, 18, 1516950850, 1516950850, '', 0, 0),
(20, 'å¯ç”¨/ç¦ç”¨urlç¾åŒ–', 'admin', 'urlsconfig', 'status', '', 'å¯ç”¨/ç¦ç”¨urlç¾åŒ–ã€‚', 2, 1, 18, 1516950909, 1516950909, '', 0, 0),
(21, ' åˆ é™¤urlç¾åŒ–è§„åˆ™', 'admin', 'urlsconfig', 'delete', '', ' åˆ é™¤urlç¾åŒ–è§„åˆ™ã€‚', 2, 1, 18, 1516950941, 1516950941, '', 0, 0),
(22, 'é¡¾å®¢ç®¡ç†', '', '', '', '', 'é¡¾å®¢ç®¡ç†ã€‚', 1, 2, 0, 1516950991, 1527066761, 'fa-users', 0, 0),
(23, 'ç®¡ç†å‘˜', '', '', '', '', 'ç³»ç»Ÿç®¡ç†å‘˜ç®¡ç†ã€‚', 1, 2, 1, 1516951071, 1527067593, 'fa-user', 0, 0),
(24, 'ç®¡ç†å‘˜', 'admin', 'admin', 'index', '', 'ç³»ç»Ÿç®¡ç†å‘˜åˆ—è¡¨ã€‚', 1, 2, 23, 1516951163, 1516951163, 'fa-user', 0, 0),
(25, 'æ–°å¢/ä¿®æ”¹ç®¡ç†å‘˜', 'admin', 'admin', 'publish', '', 'æ–°å¢/ä¿®æ”¹ç³»ç»Ÿç®¡ç†å‘˜ã€‚', 2, 1, 24, 1516951224, 1516951224, '', 0, 0),
(26, 'åˆ é™¤ç®¡ç†å‘˜', 'admin', 'admin', 'delete', '', 'åˆ é™¤ç®¡ç†å‘˜ã€‚', 2, 1, 24, 1516951253, 1516951253, '', 0, 0),
(27, 'æƒé™ç»„', 'admin', 'admin', 'admincate', '', 'æƒé™åˆ†ç»„ã€‚', 1, 2, 23, 1516951353, 1517018168, 'fa-dot-circle-o', 0, 0),
(28, 'æ–°å¢/ä¿®æ”¹æƒé™ç»„', 'admin', 'admin', 'admincatepublish', '', 'æ–°å¢/ä¿®æ”¹æƒé™ç»„ã€‚', 2, 1, 27, 1516951483, 1516951483, '', 0, 0),
(29, 'åˆ é™¤æƒé™ç»„', 'admin', 'admin', 'admincatedelete', '', 'åˆ é™¤æƒé™ç»„ã€‚', 2, 1, 27, 1516951515, 1516951515, '', 0, 0),
(30, 'æ“ä½œæ—¥å¿—', 'admin', 'admin', 'log', '', 'ç³»ç»Ÿç®¡ç†å‘˜æ“ä½œæ—¥å¿—ã€‚', 1, 2, 23, 1516951754, 1517018196, 'fa-pencil', 0, 0),
(31, 'å†…å®¹', '', '', '', '', 'å†…å®¹ç®¡ç†ã€‚', 2, 2, 0, 1516952262, 1527067520, 'fa-th-large', 0, 0),
(32, 'æ–‡ç« ', '', '', '', '', 'æ–‡ç« ç›¸å…³ç®¡ç†ã€‚', 1, 2, 31, 1516952698, 1517015846, 'fa-bookmark', 0, 0),
(33, 'åˆ†ç±»', 'admin', 'articlecate', 'index', '', 'æ–‡ç« åˆ†ç±»ç®¡ç†ã€‚', 1, 2, 32, 1516952856, 1516952856, 'fa-tag', 0, 0),
(34, 'æ–°å¢/ä¿®æ”¹æ–‡ç« åˆ†ç±»', 'admin', 'articlecate', 'publish', '', 'æ–°å¢/ä¿®æ”¹æ–‡ç« åˆ†ç±»ã€‚', 2, 1, 33, 1516952896, 1516952896, '', 0, 0),
(35, 'åˆ é™¤æ–‡ç« åˆ†ç±»', 'admin', 'articlecate', 'delete', '', 'åˆ é™¤æ–‡ç« åˆ†ç±»ã€‚', 2, 1, 33, 1516952942, 1516952942, '', 0, 0),
(36, 'æ–‡ç« ', 'admin', 'article', 'index', '', 'æ–‡ç« ç®¡ç†ã€‚', 1, 2, 32, 1516953011, 1516953028, 'fa-bookmark', 0, 0),
(37, 'æ–°å¢/ä¿®æ”¹æ–‡ç« ', 'admin', 'article', 'publish', '', 'æ–°å¢/ä¿®æ”¹æ–‡ç« ã€‚', 2, 1, 36, 1516953056, 1516953056, '', 0, 0),
(38, 'å®¡æ ¸/æ‹’ç»æ–‡ç« ', 'admin', 'article', 'status', '', 'å®¡æ ¸/æ‹’ç»æ–‡ç« ã€‚', 2, 1, 36, 1516953113, 1516953113, '', 0, 0),
(39, 'ç½®é¡¶/å–æ¶ˆç½®é¡¶æ–‡ç« ', 'admin', 'article', 'is_top', '', 'ç½®é¡¶/å–æ¶ˆç½®é¡¶æ–‡ç« ã€‚', 2, 1, 36, 1516953162, 1516953162, '', 0, 0),
(40, 'åˆ é™¤æ–‡ç« ', 'admin', 'article', 'delete', '', 'åˆ é™¤æ–‡ç« ã€‚', 2, 1, 36, 1516953183, 1516953183, '', 0, 0),
(41, 'é™„ä»¶', 'admin', 'attachment', 'index', '', 'é™„ä»¶ç®¡ç†ã€‚', 1, 2, 31, 1516953306, 1516953306, 'fa-cube', 0, 0),
(42, 'é™„ä»¶å®¡æ ¸', 'admin', 'attachment', 'audit', '', 'é™„ä»¶å®¡æ ¸ã€‚', 2, 1, 41, 1516953359, 1516953440, '', 0, 0),
(43, 'é™„ä»¶ä¸Šä¼ ', 'admin', 'attachment', 'upload', '', 'é™„ä»¶ä¸Šä¼ ã€‚', 2, 1, 41, 1516953392, 1516953392, '', 0, 0),
(44, 'é™„ä»¶ä¸‹è½½', 'admin', 'attachment', 'download', '', 'é™„ä»¶ä¸‹è½½ã€‚', 2, 1, 41, 1516953430, 1516953430, '', 0, 0),
(45, 'é™„ä»¶åˆ é™¤', 'admin', 'attachment', 'delete', '', 'é™„ä»¶åˆ é™¤ã€‚', 2, 1, 41, 1516953477, 1516953477, '', 0, 0),
(46, 'ç•™è¨€', 'admin', 'tomessages', 'index', '', 'ç•™è¨€ç®¡ç†ã€‚', 1, 2, 31, 1516953526, 1527077162, 'fa-comments', 0, 0),
(47, 'ç•™è¨€å¤„ç†', 'admin', 'tomessages', 'mark', '', 'ç•™è¨€å¤„ç†ã€‚', 2, 1, 46, 1516953605, 1516953605, '', 0, 0),
(48, 'ç•™è¨€åˆ é™¤', 'admin', 'tomessages', 'delete', '', 'ç•™è¨€åˆ é™¤ã€‚', 2, 1, 46, 1516953648, 1516953648, '', 0, 0),
(49, 'å›¾ç‰‡ä¸Šä¼ ', 'admin', 'common', 'upload', '', 'å›¾ç‰‡ä¸Šä¼ ã€‚', 2, 2, 0, 1516954491, 1516954491, '', 0, 0),
(50, 'ç®¡ç†å‘˜ç™»å½•', 'admin', 'common', 'login', '', 'ç®¡ç†å‘˜ç™»å½•ã€‚', 2, 2, 0, 1516954517, 1516954517, '', 0, 0),
(52, 'é¡¾å®¢åˆ—è¡¨', 'admin', 'customer', 'index', '', '', 1, 2, 22, 1527067013, 1527067168, 'fa-user-o', 1, 0),
(53, 'åŒ»ç”Ÿç®¡ç†', '', '', '', '', '', 1, 2, 0, 1527067343, 1527067555, 'fa-th-large', 0, 0),
(54, 'åŒ»ç”Ÿåˆ—è¡¨', 'admin', 'doctor', 'index', '', '', 1, 2, 53, 1527067424, 1527067535, 'fa-heart', 0, 0),
(55, 'é—®è¯Šç®¡ç†', '', '', '', '', '', 1, 2, 0, 1527068350, 1527068350, 'fa-plus-circle', 0, 0),
(56, 'é—®è¯Šåˆ—è¡¨', 'admin', 'inquisition', 'index', '', '', 1, 2, 55, 1527068462, 1527068462, 'fa-list', 0, 0),
(58, 'æ„è§åé¦ˆåˆ—è¡¨', 'admin', 'feedback', 'index', '', '', 1, 2, 57, 1527077244, 1527077368, 'fa-list', 0, 0),
(57, 'æ„è§åé¦ˆ', '', '', '', '', '', 1, 2, 0, 1527077063, 1527077189, 'fa-comments', 0, 0),
(59, 'æç°ç®¡ç†', '', '', '', '', '', 1, 2, 0, 1527077442, 1527077442, 'fa-money', 0, 0),
(60, 'æç°åˆ—è¡¨', 'admin', 'withdraw', 'index', '', '', 1, 2, 59, 1527077601, 1527077601, 'fa-list-ul', 0, 0);

-- --------------------------------------------------------

--
-- è¡¨çš„ç»“æ„ `me_article`
--

CREATE TABLE IF NOT EXISTS `me_article` (
  `id` int(11) NOT NULL AUTO_INCREMENT,
  `title` varchar(255) NOT NULL,
  `tag` varchar(255) DEFAULT NULL,
  `description` varchar(255) DEFAULT NULL,
  `article_cate_id` int(11) NOT NULL,
  `thumb` int(11) DEFAULT NULL,
  `content` text,
  `admin_id` int(11) NOT NULL,
  `create_time` int(11) NOT NULL,
  `update_time` int(11) NOT NULL,
  `edit_admin_id` int(11) NOT NULL COMMENT 'æœ€åä¿®æ”¹äºº',
  `status` int(1) NOT NULL DEFAULT '0' COMMENT '0å¾…å®¡æ ¸1å·²å®¡æ ¸',
  `is_top` int(1) NOT NULL DEFAULT '0' COMMENT '1ç½®é¡¶0æ™®é€š',
  PRIMARY KEY (`id`),
  KEY `id` (`id`) USING BTREE,
  KEY `status` (`status`) USING BTREE,
  KEY `is_top` (`is_top`) USING BTREE,
  KEY `article_cate_id` (`article_cate_id`) USING BTREE,
  KEY `admin_id` (`admin_id`) USING BTREE,
  KEY `create_time` (`create_time`) USING BTREE
) ENGINE=MyISAM DEFAULT CHARSET=utf8 AUTO_INCREMENT=1 ;

-- --------------------------------------------------------

--
-- è¡¨çš„ç»“æ„ `me_article_cate`
--

CREATE TABLE IF NOT EXISTS `me_article_cate` (
  `id` int(11) NOT NULL AUTO_INCREMENT,
  `name` varchar(100) NOT NULL,
  `tag` varchar(250) DEFAULT NULL COMMENT 'å…³é”®è¯',
  `description` varchar(250) DEFAULT NULL,
  `create_time` int(11) NOT NULL,
  `update_time` int(11) NOT NULL,
  `pid` int(11) NOT NULL DEFAULT '0',
  PRIMARY KEY (`id`),
  KEY `id` (`id`) USING BTREE
) ENGINE=MyISAM DEFAULT CHARSET=utf8 AUTO_INCREMENT=1 ;

-- --------------------------------------------------------

--
-- è¡¨çš„ç»“æ„ `me_attachment`
--

CREATE TABLE IF NOT EXISTS `me_attachment` (
  `id` int(10) unsigned NOT NULL AUTO_INCREMENT,
  `module` char(15) NOT NULL DEFAULT '' COMMENT 'æ‰€å±æ¨¡å—',
  `filename` char(50) NOT NULL DEFAULT '' COMMENT 'æ–‡ä»¶å',
  `filepath` char(200) NOT NULL DEFAULT '' COMMENT 'æ–‡ä»¶è·¯å¾„+æ–‡ä»¶å',
  `filesize` int(10) unsigned NOT NULL DEFAULT '0' COMMENT 'æ–‡ä»¶å¤§å°',
  `fileext` char(10) NOT NULL DEFAULT '' COMMENT 'æ–‡ä»¶åç¼€',
  `user_id` int(11) unsigned NOT NULL DEFAULT '0' COMMENT 'ä¼šå‘˜ID',
  `uploadip` char(15) NOT NULL DEFAULT '' COMMENT 'ä¸Šä¼ IP',
  `status` tinyint(1) NOT NULL DEFAULT '0' COMMENT '0æœªå®¡æ ¸1å·²å®¡æ ¸-1ä¸é€šè¿‡',
  `create_time` int(11) unsigned NOT NULL DEFAULT '0',
  `admin_id` int(11) NOT NULL COMMENT 'å®¡æ ¸è€…id',
  `audit_time` int(11) NOT NULL COMMENT 'å®¡æ ¸æ—¶é—´',
  `use` varchar(200) DEFAULT NULL COMMENT 'ç”¨å¤„',
  `download` int(11) NOT NULL DEFAULT '0' COMMENT 'ä¸‹è½½é‡',
  PRIMARY KEY (`id`),
  KEY `id` (`id`) USING BTREE,
  KEY `status` (`status`) USING BTREE,
  KEY `filename` (`filename`) USING BTREE,
  KEY `create_time` (`create_time`) USING BTREE
) ENGINE=InnoDB  DEFAULT CHARSET=utf8 ROW_FORMAT=DYNAMIC COMMENT='é™„ä»¶è¡¨' AUTO_INCREMENT=7 ;

--
-- è½¬å­˜è¡¨ä¸­çš„æ•°æ® `me_attachment`
--

INSERT INTO `me_attachment` (`id`, `module`, `filename`, `filepath`, `filesize`, `fileext`, `user_id`, `uploadip`, `status`, `create_time`, `admin_id`, `audit_time`, `use`, `download`) VALUES
(1, 'admin', '79811855a6c06de53047471c4ff82a36.jpg', '\\uploads\\admin\\admin_thumb\\20180104\\79811855a6c06de53047471c4ff82a36.jpg', 13781, 'jpg', 1, '127.0.0.1', 1, 1515046060, 1, 1515046060, 'admin_thumb', 0),
(2, 'admin', '0db9c637a11c5afb38f19eb09d465c06.jpg', '\\uploads\\admin\\doctor_thumb\\20180604\\0db9c637a11c5afb38f19eb09d465c06.jpg', 1912, 'jpg', 1, '127.0.0.1', 1, 1528091261, 1, 1528091261, 'doctor_thumb', 0),
(3, 'admin', 'ebff115ef1ff22a3f117291b5060531d.jpg', '\\uploads\\admin\\doctor_thumb\\20180604\\ebff115ef1ff22a3f117291b5060531d.jpg', 1912, 'jpg', 1, '127.0.0.1', 1, 1528095105, 1, 1528095105, 'doctor_thumb', 0),
(4, 'admin', 'b5f7ad5e7e9963eb777f7dc96d2ce558.png', '\\uploads\\admin\\doctor_head_img\\20180604\\b5f7ad5e7e9963eb777f7dc96d2ce558.png', 2479, 'png', 1, '127.0.0.1', 1, 1528095893, 1, 1528095893, 'doctor_head_img', 0),
(5, 'admin', '515bdd83378354faebe17a23915a62e3.png', '\\uploads\\admin\\doctor_head_img\\20180604\\515bdd83378354faebe17a23915a62e3.png', 268342, 'png', 1, '127.0.0.1', 1, 1528097647, 1, 1528097647, 'doctor_head_img', 0),
(6, 'admin', 'a3e6cad0241c4ad81ea65c40b3301f37.jpg', '\\uploads\\admin\\doctor_head_img\\20180604\\a3e6cad0241c4ad81ea65c40b3301f37.jpg', 3831, 'jpg', 1, '127.0.0.1', 1, 1528097660, 1, 1528097660, 'doctor_head_img', 0);

-- --------------------------------------------------------

--
-- è¡¨çš„ç»“æ„ `me_attachment_new`
--

CREATE TABLE IF NOT EXISTS `me_attachment_new` (
  `id` bigint(20) NOT NULL AUTO_INCREMENT,
  `src` char(5) DEFAULT 'V',
  `sub_id` bigint(20) DEFAULT '0',
  `title` varchar(50) DEFAULT '',
  `media_type` char(1) DEFAULT 'P',
  `suffix` char(4) DEFAULT '',
  `path` varchar(255) DEFAULT '',
  `url` varchar(255) DEFAULT '',
  `update_time` datetime DEFAULT CURRENT_TIMESTAMP,
  `create_time` datetime DEFAULT CURRENT_TIMESTAMP,
  PRIMARY KEY (`id`),
  KEY `index0` (`src`,`sub_id`)
) ENGINE=MyISAM DEFAULT CHARSET=utf8 AUTO_INCREMENT=1 ;

-- --------------------------------------------------------

--
-- è¡¨çš„ç»“æ„ `me_doctor`
--

CREATE TABLE IF NOT EXISTS `me_doctor` (
  `id` bigint(20) NOT NULL AUTO_INCREMENT,
  `user_id` bigint(20) DEFAULT '0',
  `code` char(20) DEFAULT '',
  `name` varchar(20) DEFAULT '',
  `head_img` varchar(255) DEFAULT '',
  `title` varchar(20) DEFAULT '',
  `hospital_code` varchar(20) DEFAULT '',
  `department_code` varchar(20) DEFAULT '',
  `status` char(1) DEFAULT 'A',
  `auth_type` char(1) DEFAULT '',
  `average_star` decimal(3,1) DEFAULT '0.0',
  `job_period` smallint(6) DEFAULT '0',
  `phone` char(11) DEFAULT '',
  `phone_cfm` char(1) DEFAULT 'N',
  `phone_visible` char(1) DEFAULT 'N',
  `info` text CHARACTER SET utf8mb4,
  `original_price` decimal(13,2) DEFAULT '0.00',
  `actual_price` decimal(13,2) DEFAULT '0.00',
  `aq_path` varchar(255) DEFAULT '',
  `aq_path_dt` datetime DEFAULT NULL,
  `aq_path_url` varchar(255) DEFAULT '',
  `gzh_qr_path` varchar(255) DEFAULT '',
  `src` char(1) DEFAULT '',
  `from_user_code` char(30) DEFAULT '',
  `register_ip` char(46) DEFAULT '0.0.0.0',
  `register_dt` datetime DEFAULT CURRENT_TIMESTAMP,
  `last_login_dt` datetime DEFAULT NULL,
  `remark` varchar(255) DEFAULT '',
  `admin_user_id` int(11) DEFAULT '0',
  `update_time` int(11) DEFAULT NULL,
  `create_time` int(11) DEFAULT NULL,
  `tag` varchar(255) NOT NULL COMMENT 'æ ‡ç­¾ï¼Œæ ‡ç­¾ä¹‹é—´ç”¨,éš”å¼€',
  `profession` text NOT NULL,
  `learn` text NOT NULL,
  `major` text NOT NULL,
  PRIMARY KEY (`id`),
  KEY `index0` (`code`)
) ENGINE=MyISAM  DEFAULT CHARSET=utf8 AUTO_INCREMENT=6 ;

--
-- è½¬å­˜è¡¨ä¸­çš„æ•°æ® `me_doctor`
--

INSERT INTO `me_doctor` (`id`, `user_id`, `code`, `name`, `head_img`, `title`, `hospital_code`, `department_code`, `status`, `auth_type`, `average_star`, `job_period`, `phone`, `phone_cfm`, `phone_visible`, `info`, `original_price`, `actual_price`, `aq_path`, `aq_path_dt`, `aq_path_url`, `gzh_qr_path`, `src`, `from_user_code`, `register_ip`, `register_dt`, `last_login_dt`, `remark`, `admin_user_id`, `update_time`, `create_time`, `tag`, `profession`, `learn`, `major`) VALUES
(1, 1, '0001', 'cc', '', '', '', '', 'A', '', '0.0', 0, '', 'N', 'N', NULL, '0.00', '0.00', '', NULL, '', '', '', '', '0.0.0.0', '2018-05-28 14:10:54', NULL, '', 0, NULL, NULL, '', '', '0', '0'),
(2, 0, '', '', '', 'ä¸»ä»»åŒ»å¸ˆ', '', '', 'D', '', '0.0', 1, '', 'N', 'N', '', '0.00', '0.00', '', NULL, '', '', '', '', '0.0.0.0', '2018-06-04 14:35:15', NULL, '', 0, 1528099537, 1528094115, '', '', '', ''),
(3, 3, '002', 'å¼ åŒ»ç”Ÿ', '', 'ä¸»ä»»åŒ»å¸ˆ', '', '', 'A', '', '0.0', 6, '13594855873', 'N', 'N', '<p><span style="font-family: &quot;Helvetica Neue&quot;, Helvetica, &quot;PingFang SC&quot;, å¾®è½¯é›…é»‘, Tahoma, Arial, sans-serif; font-size: 14px; text-align: right;">ä¸ªäººç®€ä»‹</span><span style="font-family: &quot;Helvetica Neue&quot;, Helvetica, &quot;PingFang SC&quot;, å¾®è½¯é›…é»‘, Tahoma, Arial, sans-serif; font-size: 14px; text-align: right;">ä¸ªäººç®€ä»‹</span><span style="font-family: &quot;Helvetica Neue&quot;, Helvetica, &quot;PingFang SC&quot;, å¾®è½¯é›…é»‘, Tahoma, Arial, sans-serif; font-size: 14px; text-align: right;">ä¸ªäººç®€ä»‹</span></p>', '39.00', '0.00', '', NULL, '', '', '', '', '0.0.0.0', '2018-06-04 14:54:14', NULL, '', 0, 1528095254, 1528095254, 'è„±å‘,è¿‡æ•,æ¹¿ç–¹', 'èŒä¸šç»å†èŒä¸šç»å†èŒä¸šç»å†èŒä¸šç»å†', 'å­¦æœ¯ç»å†å­¦æœ¯ç»å†å­¦æœ¯ç»å†å­¦æœ¯ç»å†', 'ä¸“ä¸šèµ„å†ä¸“ä¸šèµ„å†ä¸“ä¸šèµ„å†'),
(4, 3, '0003', 'æåŒ»ç”Ÿ', '4', 'ä¸»ä»»åŒ»å¸ˆ', '1', '', 'A', '', '0.0', 9, '13594855874', 'N', 'N', '<p><span style="font-family: &quot;Helvetica Neue&quot;, Helvetica, &quot;PingFang SC&quot;, å¾®è½¯é›…é»‘, Tahoma, Arial, sans-serif; font-size: 14px; text-align: right;">ä¸ªäººç®€ä»‹</span><span style="font-family: &quot;Helvetica Neue&quot;, Helvetica, &quot;PingFang SC&quot;, å¾®è½¯é›…é»‘, Tahoma, Arial, sans-serif; font-size: 14px; text-align: right;">ä¸ªäººç®€ä»‹</span></p>', '39.00', '0.00', '', NULL, '', '', '', '', '0.0.0.0', '2018-06-04 15:04:55', NULL, '', 0, 1528095895, 1528095895, 'æ¹¿ç–¹', 'èŒä¸šç»å†èŒä¸šç»å†', 'å­¦æœ¯ç»å†å­¦æœ¯ç»å†', 'ä¸“ä¸šèµ„å†ä¸“ä¸šèµ„å†'),
(5, 4, '0004', 'èµµåŒ»ç”Ÿ', '6', 'ä¸»ä»»åŒ»å¸ˆ', '1', '', 'A', 'V', '0.0', 1, '13594855876', 'N', 'N', '<p><span style="font-family: ">ä¸ªäººç®€ä»‹</span></p>', '50.00', '0.00', '', NULL, '', '', '', '', '0.0.0.0', '2018-06-04 15:34:23', NULL, '', 0, 1528099450, 1528097663, 'ç™½æ–‘', '', '', '');

-- --------------------------------------------------------

--
-- è¡¨çš„ç»“æ„ `me_emailconfig`
--

CREATE TABLE IF NOT EXISTS `me_emailconfig` (
  `email` varchar(5) NOT NULL COMMENT 'é‚®ç®±é…ç½®æ ‡è¯†',
  `from_email` varchar(50) NOT NULL COMMENT 'é‚®ä»¶æ¥æºä¹Ÿå°±æ˜¯é‚®ä»¶åœ°å€',
  `from_name` varchar(50) NOT NULL,
  `smtp` varchar(50) NOT NULL COMMENT 'é‚®ç®±smtpæœåŠ¡å™¨',
  `username` varchar(100) NOT NULL COMMENT 'é‚®ç®±è´¦å·',
  `password` varchar(100) NOT NULL COMMENT 'é‚®ç®±å¯†ç ',
  `title` varchar(200) NOT NULL COMMENT 'é‚®ä»¶æ ‡é¢˜',
  `content` text NOT NULL COMMENT 'é‚®ä»¶æ¨¡æ¿',
  KEY `email` (`email`) USING BTREE
) ENGINE=MyISAM DEFAULT CHARSET=utf8;

--
-- è½¬å­˜è¡¨ä¸­çš„æ•°æ® `me_emailconfig`
--

INSERT INTO `me_emailconfig` (`email`, `from_email`, `from_name`, `smtp`, `username`, `password`, `title`, `content`) VALUES
('email', '', '', '', '', '', '', '');

-- --------------------------------------------------------

--
-- è¡¨çš„ç»“æ„ `me_favorite`
--

CREATE TABLE IF NOT EXISTS `me_favorite` (
  `id` bigint(20) NOT NULL AUTO_INCREMENT,
  `user_code` char(20) DEFAULT '',
  `type` char(2) DEFAULT 'DT',
  `follow_code` varchar(32) DEFAULT '',
  `update_time` int(11) DEFAULT NULL,
  `create_time` int(11) DEFAULT NULL,
  PRIMARY KEY (`id`),
  KEY `index0` (`user_code`,`type`)
) ENGINE=MyISAM  DEFAULT CHARSET=utf8 AUTO_INCREMENT=3 ;

--
-- è½¬å­˜è¡¨ä¸­çš„æ•°æ® `me_favorite`
--

INSERT INTO `me_favorite` (`id`, `user_code`, `type`, `follow_code`, `update_time`, `create_time`) VALUES
(1, 'u2018053125894470', 'DT', '0001', 1527748870, 1527748870),
(2, 'u2018053138866577', 'DT', '0001', 1527835874, 1527835874);

-- --------------------------------------------------------

--
-- è¡¨çš„ç»“æ„ `me_feedback`
--

CREATE TABLE IF NOT EXISTS `me_feedback` (
  `id` bigint(20) NOT NULL AUTO_INCREMENT,
  `user_code` char(20) DEFAULT '',
  `doctor_code` char(20) DEFAULT '',
  `status` char(1) DEFAULT 'P',
  `content` varchar(500) DEFAULT '',
  `operate_dt` datetime DEFAULT NULL,
  `admin_user_id` int(11) DEFAULT '0',
  `update_time` int(11) DEFAULT NULL,
  `create_time` int(11) DEFAULT NULL,
  PRIMARY KEY (`id`)
) ENGINE=MyISAM  DEFAULT CHARSET=utf8 AUTO_INCREMENT=3 ;

--
-- è½¬å­˜è¡¨ä¸­çš„æ•°æ® `me_feedback`
--

INSERT INTO `me_feedback` (`id`, `user_code`, `doctor_code`, `status`, `content`, `operate_dt`, `admin_user_id`, `update_time`, `create_time`) VALUES
(1, 'u2018053195635681', '', 'P', 'æœ‰ç‚¹å°å»ºè®®', NULL, 0, 1527746811, 1527746811),
(2, 'u2018053195635681', '', 'P', 'æœ‰ç‚¹å°å»ºè®®', NULL, 0, 1527746813, 1527746813);

-- --------------------------------------------------------

--
-- è¡¨çš„ç»“æ„ `me_hospital`
--

CREATE TABLE IF NOT EXISTS `me_hospital` (
  `id` int(11) NOT NULL AUTO_INCREMENT,
  `name` char(50) DEFAULT 'DT',
  `contact` varchar(50) DEFAULT '',
  `address` varchar(255) DEFAULT '',
  `update_time` datetime DEFAULT CURRENT_TIMESTAMP,
  `create_time` datetime DEFAULT CURRENT_TIMESTAMP,
  PRIMARY KEY (`id`)
) ENGINE=MyISAM  DEFAULT CHARSET=utf8 AUTO_INCREMENT=2 ;

--
-- è½¬å­˜è¡¨ä¸­çš„æ•°æ® `me_hospital`
--

INSERT INTO `me_hospital` (`id`, `name`, `contact`, `address`, `update_time`, `create_time`) VALUES
(1, 'DT', '', '', '2018-06-04 15:00:52', '2018-06-04 15:00:52');

-- --------------------------------------------------------

--
-- è¡¨çš„ç»“æ„ `me_label`
--

CREATE TABLE IF NOT EXISTS `me_label` (
  `id` bigint(20) NOT NULL AUTO_INCREMENT,
  `type` char(2) DEFAULT 'DT',
  `label_value` varchar(32) DEFAULT '',
  `url` varchar(255) DEFAULT '',
  `update_time` datetime DEFAULT CURRENT_TIMESTAMP,
  `create_time` datetime DEFAULT CURRENT_TIMESTAMP,
  PRIMARY KEY (`id`),
  KEY `index0` (`type`)
) ENGINE=MyISAM DEFAULT CHARSET=utf8 AUTO_INCREMENT=1 ;

-- --------------------------------------------------------

--
-- è¡¨çš„ç»“æ„ `me_label_rel`
--

CREATE TABLE IF NOT EXISTS `me_label_rel` (
  `id` bigint(20) NOT NULL AUTO_INCREMENT,
  `type` char(2) DEFAULT 'DT',
  `code` char(20) DEFAULT '',
  `label_id` bigint(20) DEFAULT '0',
  `update_time` datetime DEFAULT CURRENT_TIMESTAMP,
  `create_time` datetime DEFAULT CURRENT_TIMESTAMP,
  PRIMARY KEY (`id`),
  KEY `index0` (`type`,`code`)
) ENGINE=MyISAM DEFAULT CHARSET=utf8 AUTO_INCREMENT=1 ;

-- --------------------------------------------------------

--
-- è¡¨çš„ç»“æ„ `me_messages`
--

CREATE TABLE IF NOT EXISTS `me_messages` (
  `id` int(11) NOT NULL AUTO_INCREMENT,
  `create_time` int(11) NOT NULL,
  `ip` varchar(50) NOT NULL,
  `is_look` int(1) NOT NULL DEFAULT '0' COMMENT '0æœªè¯»1å·²è¯»',
  `message` text NOT NULL,
  `update_time` int(11) NOT NULL,
  PRIMARY KEY (`id`),
  KEY `id` (`id`) USING BTREE,
  KEY `is_look` (`is_look`) USING BTREE,
  KEY `create_time` (`create_time`) USING BTREE
) ENGINE=MyISAM DEFAULT CHARSET=utf8 AUTO_INCREMENT=1 ;

-- --------------------------------------------------------

--
-- è¡¨çš„ç»“æ„ `me_setting`
--

CREATE TABLE IF NOT EXISTS `me_setting` (
  `id` int(11) NOT NULL AUTO_INCREMENT,
  `key_code` varchar(150) DEFAULT '',
  `key_value` varchar(50) DEFAULT '',
  `key_type` varchar(50) DEFAULT '',
  `update_time` datetime DEFAULT CURRENT_TIMESTAMP,
  `create_time` datetime DEFAULT CURRENT_TIMESTAMP,
  PRIMARY KEY (`id`),
  KEY `index0` (`key_code`)
) ENGINE=MyISAM DEFAULT CHARSET=utf8 AUTO_INCREMENT=1 ;

-- --------------------------------------------------------

--
-- è¡¨çš„ç»“æ„ `me_smsconfig`
--

CREATE TABLE IF NOT EXISTS `me_smsconfig` (
  `sms` varchar(10) NOT NULL DEFAULT 'sms' COMMENT 'æ ‡è¯†',
  `appkey` varchar(200) NOT NULL,
  `secretkey` varchar(200) NOT NULL,
  `type` varchar(100) DEFAULT 'normal' COMMENT 'çŸ­ä¿¡ç±»å‹',
  `name` varchar(100) NOT NULL COMMENT 'çŸ­ä¿¡ç­¾å',
  `code` varchar(100) NOT NULL COMMENT 'çŸ­ä¿¡æ¨¡æ¿ID',
  `content` text NOT NULL COMMENT 'çŸ­ä¿¡é»˜è®¤æ¨¡æ¿',
  KEY `sms` (`sms`) USING BTREE
) ENGINE=MyISAM DEFAULT CHARSET=utf8;

--
-- è½¬å­˜è¡¨ä¸­çš„æ•°æ® `me_smsconfig`
--

INSERT INTO `me_smsconfig` (`sms`, `appkey`, `secretkey`, `type`, `name`, `code`, `content`) VALUES
('sms', '', '', '', '', '', '');

-- --------------------------------------------------------

--
-- è¡¨çš„ç»“æ„ `me_urlconfig`
--

CREATE TABLE IF NOT EXISTS `me_urlconfig` (
  `id` int(11) NOT NULL AUTO_INCREMENT,
  `aliases` varchar(200) NOT NULL COMMENT 'æƒ³è¦è®¾ç½®çš„åˆ«å',
  `url` varchar(200) NOT NULL COMMENT 'åŸurlç»“æ„',
  `desc` text COMMENT 'å¤‡æ³¨',
  `status` int(1) NOT NULL DEFAULT '1' COMMENT '0ç¦ç”¨1ä½¿ç”¨',
  `create_time` int(11) NOT NULL,
  `update_time` int(11) NOT NULL,
  PRIMARY KEY (`id`),
  KEY `id` (`id`) USING BTREE,
  KEY `status` (`status`) USING BTREE
) ENGINE=MyISAM  DEFAULT CHARSET=utf8 AUTO_INCREMENT=2 ;

--
-- è½¬å­˜è¡¨ä¸­çš„æ•°æ® `me_urlconfig`
--

INSERT INTO `me_urlconfig` (`id`, `aliases`, `url`, `desc`, `status`, `create_time`, `update_time`) VALUES
(1, 'admin_login', 'admin/common/login', 'åå°ç™»å½•åœ°å€ã€‚', 0, 1517621629, 1517621629);

-- --------------------------------------------------------

--
-- è¡¨çš„ç»“æ„ `me_user`
--

CREATE TABLE IF NOT EXISTS `me_user` (
  `id` bigint(20) NOT NULL AUTO_INCREMENT,
  `code` char(20) CHARACTER SET utf8 COLLATE utf8_bin DEFAULT '',
  `name` varchar(50) CHARACTER SET utf8 COLLATE utf8_bin DEFAULT '',
  `status` char(1) DEFAULT 'A',
  `phone` char(11) DEFAULT '',
  `phone_cfm` char(1) DEFAULT 'N',
  `password` varchar(32) CHARACTER SET utf8 COLLATE utf8_bin DEFAULT NULL,
  `level` smallint(6) DEFAULT '0',
  `src` char(1) DEFAULT '',
  `from_user_code` char(30) DEFAULT '',
  `register_ip` char(46) DEFAULT '0.0.0.0',
  `register_dt` datetime DEFAULT CURRENT_TIMESTAMP,
  `last_login_dt` datetime DEFAULT NULL,
  `union_id` varchar(50) CHARACTER SET utf8 COLLATE utf8_bin DEFAULT '',
  `open_id` varchar(50) CHARACTER SET utf8 COLLATE utf8_bin DEFAULT '',
  `open_id_ur` varchar(50) CHARACTER SET utf8 COLLATE utf8_bin DEFAULT '',
  `open_id_dt` varchar(50) CHARACTER SET utf8 COLLATE utf8_bin DEFAULT '',
  `wx_nick_name` varchar(50) DEFAULT '',
  `wx_sex` char(1) DEFAULT '',
  `wx_head_img_url` varchar(250) DEFAULT '',
  `wx_province` varchar(15) DEFAULT '',
  `wx_city` varchar(15) DEFAULT '',
  `wx_country` varchar(15) DEFAULT '',
  `wx_subscribe` smallint(6) DEFAULT '0',
  `wx_scene` varchar(64) DEFAULT '',
  `wx_latitude` varchar(20) DEFAULT '',
  `wx_longitude` varchar(20) DEFAULT '',
  `wx_precision` varchar(20) DEFAULT '',
  `wx_location_dt` datetime DEFAULT NULL,
  `wx_qr_img` varchar(250) DEFAULT '',
  `wx_qr_url` varchar(250) DEFAULT '',
  `wx_qr_update_time` datetime DEFAULT NULL,
  `remark` varchar(100) DEFAULT '',
  `admin_user_id` int(11) DEFAULT '0',
  `update_time` int(11) DEFAULT NULL,
  `create_time` int(11) DEFAULT NULL,
  PRIMARY KEY (`id`),
  KEY `index0` (`code`),
  KEY `index1` (`open_id_ur`)
) ENGINE=MyISAM  DEFAULT CHARSET=utf8 AUTO_INCREMENT=5 ;

--
-- è½¬å­˜è¡¨ä¸­çš„æ•°æ® `me_user`
--

INSERT INTO `me_user` (`id`, `code`, `name`, `status`, `phone`, `phone_cfm`, `password`, `level`, `src`, `from_user_code`, `register_ip`, `register_dt`, `last_login_dt`, `union_id`, `open_id`, `open_id_ur`, `open_id_dt`, `wx_nick_name`, `wx_sex`, `wx_head_img_url`, `wx_province`, `wx_city`, `wx_country`, `wx_subscribe`, `wx_scene`, `wx_latitude`, `wx_longitude`, `wx_precision`, `wx_location_dt`, `wx_qr_img`, `wx_qr_url`, `wx_qr_update_time`, `remark`, `admin_user_id`, `update_time`, `create_time`) VALUES
(1, 'u2018053125894470', 'hh1', 'A', '', 'N', NULL, 0, '', '', '0.0.0.0', '2018-05-31 14:39:41', NULL, '', '', '12345', '', 'hh', '1', '123', '3', '2', '1', 0, '', '', '', '', NULL, '', '', NULL, '', 0, 1527748781, 1527748781),
(2, 'u2018053138866577', 'hh6', 'A', '', 'N', NULL, 0, '', '', '0.0.0.0', '2018-05-31 17:29:13', NULL, '', '', '123456', '', 'hh6', '1', '123', '3', '2', '1', 0, '', '', '', '', NULL, '', '', NULL, '', 0, 1528081425, 1527758953),
(3, '', 'cc', 'A', '', 'N', NULL, 0, '', '', '0.0.0.0', '2018-06-04 11:09:20', NULL, '', '', '', '123', 'cc', '0', '1.jpg', 'cq', 'é‡åº†', 'ä¸­å›½', 0, '', '', '', '', NULL, '', '', NULL, '', 0, 1528081760, 1528081760),
(4, '', 'æµ‹è¯•', 'A', '', 'N', NULL, 0, '', '', '0.0.0.0', '2018-06-04 15:23:43', NULL, '', '', '', '123456', 'æµ‹è¯•', '0', '1.jpg', 'cq', 'é‡åº†', 'ä¸­å›½', 0, '', '', '', '', NULL, '', '', NULL, '', 0, 1528097023, 1528097023);

-- --------------------------------------------------------

--
-- è¡¨çš„ç»“æ„ `me_user_patient`
--

CREATE TABLE IF NOT EXISTS `me_user_patient` (
  `id` bigint(20) NOT NULL AUTO_INCREMENT,
  `user_id` bigint(20) DEFAULT '0',
  `status` char(1) DEFAULT 'A',
  `name` varchar(50) CHARACTER SET utf8 COLLATE utf8_bin DEFAULT '',
  `phone` char(11) DEFAULT '',
  `phone_cfm` char(1) DEFAULT 'N',
  `level` smallint(6) DEFAULT '0',
  `birthday` date DEFAULT NULL,
  `height` smallint(6) DEFAULT '0',
  `weight` smallint(6) DEFAULT '0',
  `age` smallint(6) DEFAULT '0',
  `sex` smallint(6) DEFAULT '0',
  `is_allergy` char(1) DEFAULT 'N',
  `medical_history` varchar(2000) DEFAULT '',
  `update_time` int(11) DEFAULT NULL,
  `create_time` int(11) DEFAULT NULL,
  PRIMARY KEY (`id`),
  KEY `index0` (`user_id`)
) ENGINE=MyISAM  DEFAULT CHARSET=utf8 AUTO_INCREMENT=3 ;

--
-- è½¬å­˜è¡¨ä¸­çš„æ•°æ® `me_user_patient`
--

INSERT INTO `me_user_patient` (`id`, `user_id`, `status`, `name`, `phone`, `phone_cfm`, `level`, `birthday`, `height`, `weight`, `age`, `sex`, `is_allergy`, `medical_history`, `update_time`, `create_time`) VALUES
(1, 3, 'A', 'hh', '13594855872', 'N', 0, NULL, 0, 0, 0, 0, 'N', '', 1527737623, 1527734590),
(2, 2, 'A', 'hh', '13594855872', 'N', 0, NULL, 0, 0, 0, 0, 'N', '', 1527836481, 1527836481);

-- --------------------------------------------------------

--
-- è¡¨çš„ç»“æ„ `me_visit`
--

CREATE TABLE IF NOT EXISTS `me_visit` (
  `id` bigint(20) NOT NULL AUTO_INCREMENT,
  `user_code` char(20) DEFAULT '',
  `doctor_code` char(20) DEFAULT '',
  `status` char(1) DEFAULT 'P',
  `origianl_price` decimal(13,2) DEFAULT '0.00',
  `actual_pay` decimal(13,2) DEFAULT '0.00',
  `use_coupon` char(1) DEFAULT 'N',
  `inquiry_dt` datetime DEFAULT CURRENT_TIMESTAMP,
  `inquiry_dt_last` datetime DEFAULT NULL,
  `reply_dt` datetime DEFAULT NULL,
  `reply_dt_last` datetime DEFAULT NULL,
  `close_dt` datetime DEFAULT NULL,
  `update_time` int(11) DEFAULT NULL,
  `create_time` int(11) DEFAULT NULL,
  PRIMARY KEY (`id`),
  KEY `index0` (`user_code`,`status`),
  KEY `index1` (`doctor_code`,`status`)
) ENGINE=MyISAM  DEFAULT CHARSET=utf8 AUTO_INCREMENT=4 ;

--
-- è½¬å­˜è¡¨ä¸­çš„æ•°æ® `me_visit`
--

INSERT INTO `me_visit` (`id`, `user_code`, `doctor_code`, `status`, `origianl_price`, `actual_pay`, `use_coupon`, `inquiry_dt`, `inquiry_dt_last`, `reply_dt`, `reply_dt_last`, `close_dt`, `update_time`, `create_time`) VALUES
(1, 'u2018053125894470', '0001', 'P', '39.00', NULL, 'N', '2018-05-31 16:10:55', NULL, NULL, NULL, NULL, 1527754255, 1527754255),
(2, 'u2018053125894470', '0001', 'P', '39.00', NULL, 'N', '2018-05-31 17:28:46', NULL, NULL, NULL, NULL, 1527758926, 1527758926),
(3, 'u2018053138866577', '0001', 'P', '39.00', NULL, 'N', '2018-05-31 17:29:24', NULL, NULL, NULL, NULL, 1527760375, 1527758964);

-- --------------------------------------------------------

--
-- è¡¨çš„ç»“æ„ `me_visit_line`
--

CREATE TABLE IF NOT EXISTS `me_visit_line` (
  `id` bigint(20) NOT NULL AUTO_INCREMENT,
  `visit_id` bigint(20) DEFAULT '0',
  `user_code` char(20) DEFAULT '',
  `doctor_code` char(20) DEFAULT '',
  `status` char(1) DEFAULT 'A',
  `type` char(1) DEFAULT 'T',
  `content` text CHARACTER SET utf8mb4,
  `src` char(1) DEFAULT '',
  `visible` char(1) DEFAULT '',
  `update_time` int(11) DEFAULT NULL,
  `create_time` int(11) DEFAULT NULL,
  PRIMARY KEY (`id`),
  KEY `index0` (`visit_id`)
) ENGINE=MyISAM  DEFAULT CHARSET=utf8 AUTO_INCREMENT=5 ;

--
-- è½¬å­˜è¡¨ä¸­çš„æ•°æ® `me_visit_line`
--

INSERT INTO `me_visit_line` (`id`, `visit_id`, `user_code`, `doctor_code`, `status`, `type`, `content`, `src`, `visible`, `update_time`, `create_time`) VALUES
(1, 1, 'u2018053125894470', '', 'A', 'T', 'å†…å®¹å†…å®¹123', '', '', 1527754255, 1527754255),
(2, 2, 'u2018053125894470', '', 'A', 'T', 'å†…å®¹å†…å®¹', '', '', 1527758926, 1527758926),
(3, 3, 'u2018053138866577', '', 'A', 'T', 'å†…å®¹å†…å®¹', '', '', 1527758964, 1527758964),
(4, 3, 'u2018053138866577', '', 'A', 'T', 'å†…å®¹å†…å®¹456', '', '', 1527760375, 1527760375);

-- --------------------------------------------------------

--
-- è¡¨çš„ç»“æ„ `me_webconfig`
--

CREATE TABLE IF NOT EXISTS `me_webconfig` (
  `web` varchar(20) NOT NULL COMMENT 'ç½‘ç«™é…ç½®æ ‡è¯†',
  `name` varchar(200) NOT NULL COMMENT 'ç½‘ç«™åç§°',
  `keywords` text COMMENT 'å…³é”®è¯',
  `desc` text COMMENT 'æè¿°',
  `is_log` int(1) NOT NULL DEFAULT '1' COMMENT '1å¼€å¯æ—¥å¿—0å…³é—­',
  `file_type` varchar(200) DEFAULT NULL COMMENT 'å…è®¸ä¸Šä¼ çš„ç±»å‹',
  `file_size` bigint(20) DEFAULT NULL COMMENT 'å…è®¸ä¸Šä¼ çš„æœ€å¤§å€¼',
  `statistics` text COMMENT 'ç»Ÿè®¡ä»£ç ',
  `black_ip` text COMMENT 'ipé»‘åå•',
  `url_suffix` varchar(20) DEFAULT NULL COMMENT 'urlä¼ªé™æ€åç¼€',
  KEY `web` (`web`) USING BTREE
) ENGINE=MyISAM DEFAULT CHARSET=utf8;

--
-- è½¬å­˜è¡¨ä¸­çš„æ•°æ® `me_webconfig`
--

INSERT INTO `me_webconfig` (`web`, `name`, `keywords`, `desc`, `is_log`, `file_type`, `file_size`, `statistics`, `black_ip`, `url_suffix`) VALUES
('web', 'ç›æ©åŒ»ç”Ÿåå°ç®¡ç†', 'ç›æ©åŒ»ç”Ÿ,åå°ç®¡ç†', 'ç›æ©åŒ»ç”Ÿ www.minebuty.top', 1, 'jpg,png,gif,mp4,zip,jpeg', 500, '', '', NULL);

-- --------------------------------------------------------

--
-- è¡¨çš„ç»“æ„ `me_wx_payment_line`
--

CREATE TABLE IF NOT EXISTS `me_wx_payment_line` (
  `id` bigint(20) NOT NULL AUTO_INCREMENT,
  `open_id` varchar(50) CHARACTER SET utf8 COLLATE utf8_bin DEFAULT '',
  `doctor_code` char(20) CHARACTER SET utf8 COLLATE utf8_bin DEFAULT '',
  `cd_shop` char(20) CHARACTER SET utf8 COLLATE utf8_bin DEFAULT '',
  `src` char(10) DEFAULT '',
  `amount` int(11) DEFAULT '0',
  `status` char(10) DEFAULT 'PEDDING',
  `submit_dt` datetime DEFAULT CURRENT_TIMESTAMP,
  `re_user_name` varchar(32) CHARACTER SET utf8 COLLATE utf8_bin DEFAULT '',
  `check_name` char(20) DEFAULT '',
  `descr` varchar(100) DEFAULT '',
  `spbill_create_ip` char(32) DEFAULT '',
  `app_id` varchar(50) CHARACTER SET utf8 COLLATE utf8_bin DEFAULT '',
  `mch_id` varchar(50) DEFAULT '',
  `nonce_str` char(32) CHARACTER SET utf8 COLLATE utf8_bin DEFAULT '',
  `sign` char(32) CHARACTER SET utf8 COLLATE utf8_bin DEFAULT '',
  `partner_trade_no` varchar(50) DEFAULT '',
  `trade_dt` date DEFAULT NULL,
  `return_code` varchar(16) DEFAULT '',
  `return_msg` varchar(128) DEFAULT '',
  `result_code` varchar(16) DEFAULT '',
  `err_code` varchar(32) DEFAULT '',
  `err_code_des` varchar(128) DEFAULT '',
  `payment_no` varchar(50) DEFAULT '',
  `payment_time` varchar(30) DEFAULT '',
  `update_time` datetime DEFAULT CURRENT_TIMESTAMP,
  `create_time` datetime DEFAULT CURRENT_TIMESTAMP,
  `remark` varchar(200) DEFAULT '',
  PRIMARY KEY (`id`),
  KEY `index0` (`open_id`,`trade_dt`),
  KEY `index1` (`status`)
) ENGINE=InnoDB DEFAULT CHARSET=utf8 AUTO_INCREMENT=1 ;

/*!40101 SET CHARACTER_SET_CLIENT=@OLD_CHARACTER_SET_CLIENT */;
/*!40101 SET CHARACTER_SET_RESULTS=@OLD_CHARACTER_SET_RESULTS */;
/*!40101 SET COLLATION_CONNECTION=@OLD_COLLATION_CONNECTION */;
